Algorithm 1,Algorithm 2,Alpha,K-Value,A2A Score,CVG (1 -> 2),CVG (2 -> 1)
WCA,Limbo,N/A,2,94.77848101265822,0.5,0.5
WCA,ACDC,N/A,2,92.11356466876973,0.5,0.25
Limbo,ACDC,N/A,2,87.85488958990535,0.0,0.0
ARC,WCA,0.2,2,87.81645569620254,0.0,0.0
ARC,Limbo,0.2,2,92.72151898734178,0.0,0.0
ARC,ACDC,0.2,2,88.95899053627761,0.0,0.0
ARC,WCA,0.4,2,89.39873417721519,0.0,0.0
ARC,Limbo,0.4,2,90.34810126582279,0.0,0.0
ARC,ACDC,0.4,2,90.06309148264984,0.0,0.0
ARC,WCA,0.6,2,89.55696202531645,0.0,0.0
ARC,Limbo,0.6,2,90.18987341772153,0.0,0.0
ARC,ACDC,0.6,2,90.22082018927445,0.5,0.25
ARC,WCA,0.8,2,89.55696202531645,0.0,0.0
ARC,Limbo,0.8,2,90.18987341772153,0.0,0.0
ARC,ACDC,0.8,2,90.22082018927445,0.5,0.25
WCA,Limbo,N/A,3,92.74447949526814,0.3333333333333333,0.3333333333333333
WCA,ACDC,N/A,3,92.1259842519685,0.3333333333333333,0.25
Limbo,ACDC,N/A,3,88.9763779527559,0.3333333333333333,0.25
ARC,WCA,0.2,3,87.85488958990535,0.0,0.0
ARC,Limbo,0.2,3,90.85173501577287,0.0,0.0
ARC,ACDC,0.2,3,88.9763779527559,0.0,0.0
ARC,WCA,0.4,3,85.8044164037855,0.0,0.0
ARC,Limbo,0.4,3,88.801261829653,0.0,0.0
ARC,ACDC,0.4,3,87.55905511811024,0.0,0.0
ARC,WCA,0.6,3,85.64668769716089,0.0,0.0
ARC,Limbo,0.6,3,88.4858044164038,0.0,0.0
ARC,ACDC,0.6,3,87.24409448818898,0.0,0.0
ARC,WCA,0.8,3,85.64668769716089,0.0,0.0
ARC,Limbo,0.8,3,88.4858044164038,0.0,0.0
ARC,ACDC,0.8,3,87.24409448818898,0.0,0.0
WCA,Limbo,N/A,4,92.61006289308176,0.25,0.25
WCA,ACDC,N/A,4,92.13836477987421,0.25,0.25
Limbo,ACDC,N/A,4,88.83647798742138,0.25,0.25
ARC,WCA,0.2,4,87.89308176100629,0.0,0.0
ARC,Limbo,0.2,4,90.56603773584906,0.0,0.0
ARC,ACDC,0.2,4,88.36477987421384,0.0,0.0
ARC,WCA,0.4,4,84.90566037735849,0.0,0.0
ARC,Limbo,0.4,4,86.79245283018868,0.0,0.0
ARC,ACDC,0.4,4,87.42138364779875,0.0,0.0
ARC,WCA,0.6,4,84.59119496855347,0.0,0.0
ARC,Limbo,0.6,4,86.47798742138365,0.0,0.0
ARC,ACDC,0.6,4,87.10691823899371,0.0,0.0
ARC,WCA,0.8,4,84.59119496855347,0.0,0.0
ARC,Limbo,0.8,4,86.47798742138365,0.0,0.0
ARC,ACDC,0.8,4,87.10691823899371,0.0,0.0
WCA,Limbo,N/A,5,92.47648902821317,0.2,0.2
WCA,ACDC,N/A,5,92.15070643642072,0.2,0.25
Limbo,ACDC,N/A,5,88.69701726844585,0.2,0.25
ARC,WCA,0.2,5,87.93103448275862,0.0,0.0
ARC,Limbo,0.2,5,89.18495297805643,0.0,0.0
ARC,ACDC,0.2,5,85.24332810047096,0.0,0.0
ARC,WCA,0.4,5,84.79623824451411,0.0,0.0
ARC,Limbo,0.4,5,86.83385579937304,0.0,0.0
ARC,ACDC,0.4,5,87.28414442700156,0.0,0.0
ARC,WCA,0.6,5,84.48275862068965,0.0,0.0
ARC,Limbo,0.6,5,86.52037617554859,0.0,0.0
ARC,ACDC,0.6,5,86.9701726844584,0.0,0.0
ARC,WCA,0.8,5,84.48275862068965,0.0,0.0
ARC,Limbo,0.8,5,86.52037617554859,0.0,0.0
ARC,ACDC,0.8,5,86.9701726844584,0.0,0.0
WCA,Limbo,N/A,6,87.34375,0.0,0.0
WCA,ACDC,N/A,6,92.00626959247649,0.16666666666666666,0.25
Limbo,ACDC,N/A,6,85.8934169278997,0.0,0.0
ARC,WCA,0.2,6,87.65625,0.0,0.0
ARC,Limbo,0.2,6,85.9375,0.0,0.0
ARC,ACDC,0.2,6,84.79623824451411,0.0,0.0
ARC,WCA,0.4,6,84.21875,0.0,0.0
ARC,Limbo,0.4,6,86.25,0.0,0.0
ARC,ACDC,0.4,6,86.67711598746082,0.0,0.0
ARC,WCA,0.6,6,84.375,0.0,0.0
ARC,Limbo,0.6,6,85.625,0.0,0.0
ARC,ACDC,0.6,6,86.83385579937304,0.0,0.0
ARC,WCA,0.8,6,84.375,0.0,0.0
ARC,Limbo,0.8,6,85.625,0.0,0.0
ARC,ACDC,0.8,6,86.83385579937304,0.0,0.0
WCA,Limbo,N/A,7,87.22741433021807,0.0,0.0
WCA,ACDC,N/A,7,91.70579029733959,0.14285714285714285,0.25
Limbo,ACDC,N/A,7,85.44600938967136,0.0,0.0
ARC,WCA,0.2,7,87.69470404984425,0.0,0.0
ARC,Limbo,0.2,7,85.66978193146417,0.0,0.0
ARC,ACDC,0.2,7,84.1940532081377,0.0,0.0
ARC,WCA,0.4,7,84.11214953271028,0.0,0.0
ARC,Limbo,0.4,7,85.98130841121495,0.0,0.0
ARC,ACDC,0.4,7,86.5414710485133,0.14285714285714285,0.25
ARC,WCA,0.6,7,83.8006230529595,0.0,0.0
ARC,Limbo,0.6,7,85.66978193146417,0.0,0.0
ARC,ACDC,0.6,7,86.2284820031299,0.0,0.0
ARC,WCA,0.8,7,83.8006230529595,0.0,0.0
ARC,Limbo,0.8,7,85.66978193146417,0.0,0.0
ARC,ACDC,0.8,7,86.2284820031299,0.0,0.0
WCA,Limbo,N/A,8,87.11180124223603,0.0,0.0
WCA,ACDC,N/A,8,91.40625,0.125,0.25
Limbo,ACDC,N/A,8,85.3125,0.0,0.0
ARC,WCA,0.2,8,87.88819875776397,0.0,0.0
ARC,Limbo,0.2,8,85.09316770186335,0.0,0.0
ARC,ACDC,0.2,8,83.4375,0.0,0.0
ARC,WCA,0.4,8,84.00621118012423,0.0,0.0
ARC,Limbo,0.4,8,86.33540372670807,0.0,0.0
ARC,ACDC,0.4,8,86.40625,0.125,0.25
ARC,WCA,0.6,8,83.69565217391303,0.0,0.0
ARC,Limbo,0.6,8,85.71428571428572,0.0,0.0
ARC,ACDC,0.6,8,86.09375,0.125,0.25
ARC,WCA,0.8,8,83.69565217391303,0.0,0.0
ARC,Limbo,0.8,8,85.71428571428572,0.0,0.0
ARC,ACDC,0.8,8,86.09375,0.125,0.25
WCA,Limbo,N/A,9,86.9969040247678,0.0,0.0
WCA,ACDC,N/A,9,91.10764430577223,0.1111111111111111,0.25
Limbo,ACDC,N/A,9,85.02340093603745,0.0,0.0
ARC,WCA,0.2,9,83.12693498452013,0.0,0.0
ARC,Limbo,0.2,9,84.36532507739938,0.1111111111111111,0.1111111111111111
ARC,ACDC,0.2,9,86.1154446177847,0.1111111111111111,0.25
ARC,WCA,0.4,9,84.21052631578947,0.0,0.0
ARC,Limbo,0.4,9,86.37770897832817,0.0,0.0
ARC,ACDC,0.4,9,86.27145085803431,0.1111111111111111,0.25
ARC,WCA,0.6,9,83.90092879256966,0.0,0.0
ARC,Limbo,0.6,9,85.75851393188854,0.0,0.0
ARC,ACDC,0.6,9,85.95943837753511,0.1111111111111111,0.25
ARC,WCA,0.8,9,83.90092879256966,0.0,0.0
ARC,Limbo,0.8,9,85.75851393188854,0.0,0.0
ARC,ACDC,0.8,9,85.95943837753511,0.1111111111111111,0.25
WCA,Limbo,N/A,10,82.56172839506173,0.0,0.0
WCA,ACDC,N/A,10,90.80996884735202,0.1,0.25
Limbo,ACDC,N/A,10,81.77570093457945,0.0,0.0
ARC,WCA,0.2,10,83.17901234567901,0.0,0.0
ARC,Limbo,0.2,10,85.3395061728395,0.1,0.1
ARC,ACDC,0.2,10,85.98130841121495,0.1,0.25
ARC,WCA,0.4,10,84.10493827160494,0.0,0.0
ARC,Limbo,0.4,10,85.95679012345678,0.0,0.0
ARC,ACDC,0.4,10,86.13707165109035,0.1,0.25
ARC,WCA,0.6,10,83.9506172839506,0.0,0.0
ARC,Limbo,0.6,10,85.64814814814815,0.0,0.0
ARC,ACDC,0.6,10,85.82554517133957,0.1,0.25
ARC,WCA,0.8,10,83.9506172839506,0.0,0.0
ARC,Limbo,0.8,10,85.64814814814815,0.0,0.0
ARC,ACDC,0.8,10,85.82554517133957,0.1,0.25
WCA,Limbo,N/A,11,82.61538461538461,0.0,0.0
WCA,ACDC,N/A,11,90.51321928460342,0.09090909090909091,0.25
Limbo,ACDC,N/A,11,81.64852255054433,0.0,0.0
ARC,WCA,0.2,11,83.23076923076923,0.0,0.0
ARC,Limbo,0.2,11,85.38461538461539,0.09090909090909091,0.09090909090909091
ARC,ACDC,0.2,11,85.8475894245723,0.09090909090909091,0.25
ARC,WCA,0.4,11,84.15384615384616,0.0,0.0
ARC,Limbo,0.4,11,86.0,0.0,0.0
ARC,ACDC,0.4,11,86.00311041990669,0.09090909090909091,0.25
ARC,WCA,0.6,11,84.0,0.0,0.0
ARC,Limbo,0.6,11,85.6923076923077,0.0,0.0
ARC,ACDC,0.6,11,85.69206842923795,0.09090909090909091,0.25
ARC,WCA,0.8,11,84.0,0.0,0.0
ARC,Limbo,0.8,11,85.6923076923077,0.0,0.0
ARC,ACDC,0.8,11,85.69206842923795,0.09090909090909091,0.25
WCA,Limbo,N/A,12,82.66871165644172,0.0,0.0
WCA,ACDC,N/A,12,90.37267080745342,0.08333333333333333,0.25
Limbo,ACDC,N/A,12,81.5217391304348,0.0,0.0
ARC,WCA,0.2,12,83.28220858895705,0.0,0.0
ARC,Limbo,0.2,12,85.2760736196319,0.08333333333333333,0.08333333333333333
ARC,ACDC,0.2,12,85.71428571428572,0.08333333333333333,0.25
ARC,WCA,0.4,12,84.20245398773007,0.0,0.0
ARC,Limbo,0.4,12,86.04294478527608,0.0,0.0
ARC,ACDC,0.4,12,85.86956521739131,0.08333333333333333,0.25
ARC,WCA,0.6,12,84.04907975460122,0.0,0.0
ARC,Limbo,0.6,12,85.42944785276075,0.0,0.0
ARC,ACDC,0.6,12,85.55900621118012,0.08333333333333333,0.25
ARC,WCA,0.8,12,84.04907975460122,0.0,0.0
ARC,Limbo,0.8,12,85.42944785276075,0.0,0.0
ARC,ACDC,0.8,12,85.55900621118012,0.08333333333333333,0.25
WCA,Limbo,N/A,13,81.03975535168195,0.0,0.0
WCA,ACDC,N/A,13,90.07751937984496,0.07692307692307693,0.25
Limbo,ACDC,N/A,13,81.08527131782945,0.0,0.0
ARC,WCA,0.2,13,83.4862385321101,0.0,0.0
ARC,Limbo,0.2,13,83.63914373088686,0.07692307692307693,0.07692307692307693
ARC,ACDC,0.2,13,85.5813953488372,0.07692307692307693,0.25
ARC,WCA,0.4,13,84.40366972477065,0.0,0.0
ARC,Limbo,0.4,13,85.01529051987767,0.0,0.0
ARC,ACDC,0.4,13,85.73643410852713,0.07692307692307693,0.25
ARC,WCA,0.6,13,84.25076452599389,0.0,0.0
ARC,Limbo,0.6,13,85.01529051987767,0.0,0.0
ARC,ACDC,0.6,13,85.42635658914729,0.07692307692307693,0.25
ARC,WCA,0.8,13,84.25076452599389,0.0,0.0
ARC,Limbo,0.8,13,85.01529051987767,0.0,0.0
ARC,ACDC,0.8,13,85.42635658914729,0.07692307692307693,0.25
WCA,Limbo,N/A,14,81.09756097560977,0.0,0.0
WCA,ACDC,N/A,14,89.78328173374614,0.07142857142857142,0.25
Limbo,ACDC,N/A,14,80.95975232198143,0.0,0.0
ARC,WCA,0.2,14,83.38414634146342,0.0,0.0
ARC,Limbo,0.2,14,83.6890243902439,0.07142857142857142,0.07142857142857142
ARC,ACDC,0.2,14,85.44891640866872,0.07142857142857142,0.25
ARC,WCA,0.4,14,84.29878048780488,0.0,0.0
ARC,Limbo,0.4,14,85.21341463414635,0.0,0.0
ARC,ACDC,0.4,14,85.60371517027863,0.07142857142857142,0.25
ARC,WCA,0.6,14,84.14634146341463,0.0,0.0
ARC,Limbo,0.6,14,85.21341463414635,0.0,0.0
ARC,ACDC,0.6,14,85.29411764705883,0.07142857142857142,0.25
ARC,WCA,0.8,14,84.14634146341463,0.0,0.0
ARC,Limbo,0.8,14,85.21341463414635,0.0,0.0
ARC,ACDC,0.8,14,85.29411764705883,0.07142857142857142,0.25
WCA,Limbo,N/A,15,81.15501519756839,0.0,0.0
WCA,ACDC,N/A,15,89.48995363214837,0.06666666666666667,0.25
Limbo,ACDC,N/A,15,80.83462132921176,0.0,0.0
ARC,WCA,0.2,15,83.28267477203649,0.0,0.0
ARC,Limbo,0.2,15,83.73860182370821,0.06666666666666667,0.06666666666666667
ARC,ACDC,0.2,15,85.31684698608964,0.06666666666666667,0.25
ARC,WCA,0.4,15,84.34650455927051,0.0,0.0
ARC,Limbo,0.4,15,85.41033434650456,0.0,0.0
ARC,ACDC,0.4,15,85.47140649149922,0.06666666666666667,0.25
ARC,WCA,0.6,15,84.04255319148936,0.0,0.0
ARC,Limbo,0.6,15,85.41033434650456,0.0,0.0
ARC,ACDC,0.6,15,85.16228748068006,0.06666666666666667,0.25
ARC,WCA,0.8,15,84.04255319148936,0.0,0.0
ARC,Limbo,0.8,15,85.41033434650456,0.0,0.0
ARC,ACDC,0.8,15,85.16228748068006,0.06666666666666667,0.25
WCA,Limbo,N/A,16,81.21212121212122,0.0,0.0
WCA,ACDC,N/A,16,89.19753086419753,0.0625,0.25
Limbo,ACDC,N/A,16,80.70987654320987,0.0,0.0
ARC,WCA,0.2,16,83.48484848484848,0.0,0.0
ARC,Limbo,0.2,16,83.18181818181817,0.0625,0.0625
ARC,ACDC,0.2,16,85.18518518518519,0.0625,0.25
ARC,WCA,0.4,16,84.54545454545455,0.0,0.0
ARC,Limbo,0.4,16,84.54545454545455,0.0,0.0
ARC,ACDC,0.4,16,85.3395061728395,0.0625,0.25
ARC,WCA,0.6,16,84.24242424242424,0.0,0.0
ARC,Limbo,0.6,16,84.3939393939394,0.0,0.0
ARC,ACDC,0.6,16,85.03086419753086,0.0625,0.25
ARC,WCA,0.8,16,84.24242424242424,0.0,0.0
ARC,Limbo,0.8,16,84.3939393939394,0.0,0.0
ARC,ACDC,0.8,16,85.03086419753086,0.0625,0.25
WCA,Limbo,N/A,17,81.2688821752266,0.0,0.0
WCA,ACDC,N/A,17,88.9060092449923,0.058823529411764705,0.25
Limbo,ACDC,N/A,17,80.58551617873651,0.0,0.0
ARC,WCA,0.2,17,83.68580060422961,0.0,0.0
ARC,Limbo,0.2,17,82.62839879154077,0.058823529411764705,0.058823529411764705
ARC,ACDC,0.2,17,85.05392912172573,0.058823529411764705,0.25
ARC,WCA,0.4,17,84.59214501510574,0.0,0.0
ARC,Limbo,0.4,17,83.8368580060423,0.0,0.0
ARC,ACDC,0.4,17,84.43759630200309,0.058823529411764705,0.25
ARC,WCA,0.6,17,84.44108761329305,0.0,0.0
ARC,Limbo,0.6,17,84.44108761329305,0.0,0.0
ARC,ACDC,0.6,17,84.89984591679507,0.058823529411764705,0.25
ARC,WCA,0.8,17,84.44108761329305,0.0,0.0
ARC,Limbo,0.8,17,84.44108761329305,0.0,0.0
ARC,ACDC,0.8,17,84.89984591679507,0.058823529411764705,0.25
WCA,Limbo,N/A,18,81.47590361445783,0.0,0.0
WCA,ACDC,N/A,18,88.92307692307693,0.05555555555555555,0.25
Limbo,ACDC,N/A,18,80.15384615384616,0.0,0.0
ARC,WCA,0.2,18,83.8855421686747,0.0,0.0
ARC,Limbo,0.2,18,82.37951807228916,0.05555555555555555,0.05555555555555555
ARC,ACDC,0.2,18,84.92307692307692,0.05555555555555555,0.25
ARC,WCA,0.4,18,84.78915662650603,0.0,0.0
ARC,Limbo,0.4,18,83.8855421686747,0.0,0.0
ARC,ACDC,0.4,18,84.3076923076923,0.05555555555555555,0.25
ARC,WCA,0.6,18,84.63855421686746,0.0,0.0
ARC,Limbo,0.6,18,84.48795180722891,0.0,0.0
ARC,ACDC,0.6,18,84.61538461538461,0.05555555555555555,0.25
ARC,WCA,0.8,18,84.63855421686746,0.0,0.0
ARC,Limbo,0.8,18,84.48795180722891,0.0,0.0
ARC,ACDC,0.8,18,84.61538461538461,0.05555555555555555,0.25
WCA,Limbo,N/A,19,81.53153153153153,0.0,0.0
WCA,ACDC,N/A,19,88.78648233486943,0.05263157894736842,0.25
Limbo,ACDC,N/A,19,80.03072196620585,0.0,0.0
ARC,WCA,0.2,19,84.08408408408408,0.0,0.0
ARC,Limbo,0.2,19,82.43243243243244,0.05263157894736842,0.05263157894736842
ARC,ACDC,0.2,19,84.48540706605223,0.05263157894736842,0.25
ARC,WCA,0.4,19,85.13513513513513,0.0,0.0
ARC,Limbo,0.4,19,84.23423423423424,0.0,0.0
ARC,ACDC,0.4,19,83.25652841781874,0.05263157894736842,0.25
ARC,WCA,0.6,19,84.83483483483484,0.0,0.0
ARC,Limbo,0.6,19,84.38438438438438,0.0,0.0
ARC,ACDC,0.6,19,84.48540706605223,0.05263157894736842,0.25
ARC,WCA,0.8,19,84.83483483483484,0.0,0.0
ARC,Limbo,0.8,19,84.38438438438438,0.0,0.0
ARC,ACDC,0.8,19,84.48540706605223,0.05263157894736842,0.25
WCA,Limbo,N/A,20,81.58682634730539,0.0,0.0
WCA,ACDC,N/A,20,88.65030674846625,0.05,0.25
Limbo,ACDC,N/A,20,79.9079754601227,0.0,0.0
ARC,WCA,0.2,20,84.13173652694611,0.0,0.0
ARC,Limbo,0.2,20,82.03592814371258,0.05,0.05
ARC,ACDC,0.2,20,82.51533742331289,0.0,0.0
ARC,WCA,0.4,20,85.17964071856288,0.0,0.0
ARC,Limbo,0.4,20,84.13173652694611,0.0,0.0
ARC,ACDC,0.4,20,83.12883435582822,0.05,0.25
ARC,WCA,0.6,20,85.02994011976048,0.0,0.0
ARC,Limbo,0.6,20,83.9820359281437,0.0,0.0
ARC,ACDC,0.6,20,82.82208588957054,0.05,0.25
ARC,WCA,0.8,20,85.02994011976048,0.0,0.0
ARC,Limbo,0.8,20,83.9820359281437,0.0,0.0
ARC,ACDC,0.8,20,82.82208588957054,0.05,0.25
WCA,Limbo,N/A,21,81.64179104477611,0.0,0.0
WCA,ACDC,N/A,21,88.51454823889739,0.047619047619047616,0.25
Limbo,ACDC,N/A,21,79.78560490045942,0.0,0.0
ARC,WCA,0.2,21,84.17910447761194,0.0,0.0
ARC,Limbo,0.2,21,81.94029850746269,0.047619047619047616,0.047619047619047616
ARC,ACDC,0.2,21,82.38897396630934,0.0,0.0
ARC,WCA,0.4,21,85.22388059701493,0.0,0.0
ARC,Limbo,0.4,21,83.5820895522388,0.0,0.0
ARC,ACDC,0.4,21,82.23583460949465,0.047619047619047616,0.25
ARC,WCA,0.6,21,85.07462686567165,0.0,0.0
ARC,Limbo,0.6,21,84.17910447761194,0.0,0.0
ARC,ACDC,0.6,21,82.69525267993875,0.047619047619047616,0.25
ARC,WCA,0.8,21,85.07462686567165,0.0,0.0
ARC,Limbo,0.8,21,84.17910447761194,0.0,0.0
ARC,ACDC,0.8,21,82.69525267993875,0.047619047619047616,0.25
WCA,Limbo,N/A,22,81.69642857142857,0.0,0.0
WCA,ACDC,N/A,22,88.2262996941896,0.045454545454545456,0.25
Limbo,ACDC,N/A,22,79.66360856269114,0.0,0.0
ARC,WCA,0.2,22,84.22619047619048,0.0,0.0
ARC,Limbo,0.2,22,81.99404761904762,0.045454545454545456,0.045454545454545456
ARC,ACDC,0.2,22,82.26299694189603,0.0,0.0
ARC,WCA,0.4,22,85.11904761904762,0.0,0.0
ARC,Limbo,0.4,22,83.92857142857143,0.045454545454545456,0.045454545454545456
ARC,ACDC,0.4,22,81.80428134556574,0.045454545454545456,0.25
ARC,WCA,0.6,22,85.26785714285714,0.0,0.0
ARC,Limbo,0.6,22,84.375,0.0,0.0
ARC,ACDC,0.6,22,82.56880733944953,0.045454545454545456,0.25
ARC,WCA,0.8,22,85.26785714285714,0.0,0.0
ARC,Limbo,0.8,22,84.375,0.0,0.0
ARC,ACDC,0.8,22,82.56880733944953,0.045454545454545456,0.25
WCA,Limbo,N/A,23,81.75074183976261,0.0,0.0
WCA,ACDC,N/A,23,88.09160305343512,0.043478260869565216,0.25
Limbo,ACDC,N/A,23,79.54198473282443,0.0,0.0
ARC,WCA,0.2,23,84.27299703264094,0.0,0.0
ARC,Limbo,0.2,23,82.34421364985162,0.043478260869565216,0.043478260869565216
ARC,ACDC,0.2,23,81.98473282442748,0.0,0.0
ARC,WCA,0.4,23,85.31157270029674,0.0,0.0
ARC,Limbo,0.4,23,83.53115727002968,0.043478260869565216,0.043478260869565216
ARC,ACDC,0.4,23,79.69465648854963,0.043478260869565216,0.25
ARC,WCA,0.6,23,85.31157270029674,0.0,0.0
ARC,Limbo,0.6,23,84.1246290801187,0.0,0.0
ARC,ACDC,0.6,23,82.44274809160305,0.043478260869565216,0.25
ARC,WCA,0.8,23,85.31157270029674,0.0,0.0
ARC,Limbo,0.8,23,84.1246290801187,0.0,0.0
ARC,ACDC,0.8,23,82.44274809160305,0.043478260869565216,0.25
WCA,Limbo,N/A,24,81.80473372781066,0.041666666666666664,0.041666666666666664
WCA,ACDC,N/A,24,87.8048780487805,0.041666666666666664,0.25
Limbo,ACDC,N/A,24,79.42073170731707,0.0,0.0
ARC,WCA,0.2,24,84.46745562130178,0.0,0.0
ARC,Limbo,0.2,24,82.39644970414201,0.041666666666666664,0.041666666666666664
ARC,ACDC,0.2,24,81.85975609756098,0.0,0.0
ARC,WCA,0.4,24,81.95266272189349,0.0,0.0
ARC,Limbo,0.4,24,83.72781065088756,0.041666666666666664,0.041666666666666664
ARC,ACDC,0.4,24,81.09756097560977,0.041666666666666664,0.25
ARC,WCA,0.6,24,85.05917159763314,0.0,0.0
ARC,Limbo,0.6,24,84.46745562130178,0.041666666666666664,0.041666666666666664
ARC,ACDC,0.6,24,82.01219512195121,0.041666666666666664,0.25
ARC,WCA,0.8,24,85.05917159763314,0.0,0.0
ARC,Limbo,0.8,24,84.46745562130178,0.041666666666666664,0.041666666666666664
ARC,ACDC,0.8,24,82.01219512195121,0.041666666666666664,0.25
WCA,Limbo,N/A,25,81.85840707964603,0.04,0.04
WCA,ACDC,N/A,25,87.67123287671232,0.04,0.25
Limbo,ACDC,N/A,25,79.29984779299848,0.0,0.0
ARC,WCA,0.2,25,84.66076696165192,0.04,0.04
ARC,Limbo,0.2,25,82.44837758112095,0.04,0.04
ARC,ACDC,0.2,25,81.7351598173516,0.0,0.0
ARC,WCA,0.4,25,82.15339233038348,0.0,0.0
ARC,Limbo,0.4,25,83.92330383480827,0.04,0.04
ARC,ACDC,0.4,25,80.97412480974124,0.04,0.25
ARC,WCA,0.6,25,85.39823008849558,0.0,0.0
ARC,Limbo,0.6,25,83.6283185840708,0.04,0.04
ARC,ACDC,0.6,25,79.60426179604262,0.04,0.25
ARC,WCA,0.8,25,85.39823008849558,0.0,0.0
ARC,Limbo,0.8,25,83.6283185840708,0.04,0.04
ARC,ACDC,0.8,25,79.60426179604262,0.04,0.25
WCA,Limbo,N/A,26,81.91176470588235,0.038461538461538464,0.038461538461538464
WCA,ACDC,N/A,26,87.38601823708207,0.038461538461538464,0.25
Limbo,ACDC,N/A,26,79.17933130699089,0.0,0.0
ARC,WCA,0.2,26,84.70588235294117,0.038461538461538464,0.038461538461538464
ARC,Limbo,0.2,26,82.35294117647058,0.038461538461538464,0.038461538461538464
ARC,ACDC,0.2,26,81.61094224924013,0.0,0.0
ARC,WCA,0.4,26,82.35294117647058,0.0,0.0
ARC,Limbo,0.4,26,83.38235294117648,0.038461538461538464,0.038461538461538464
ARC,ACDC,0.4,26,80.3951367781155,0.038461538461538464,0.25
ARC,WCA,0.6,26,85.44117647058823,0.0,0.0
ARC,Limbo,0.6,26,83.67647058823529,0.038461538461538464,0.038461538461538464
ARC,ACDC,0.6,26,79.33130699088146,0.038461538461538464,0.25
ARC,WCA,0.8,26,85.44117647058823,0.0,0.0
ARC,Limbo,0.8,26,83.67647058823529,0.038461538461538464,0.038461538461538464
ARC,ACDC,0.8,26,79.33130699088146,0.038461538461538464,0.25
WCA,Limbo,N/A,27,81.96480938416421,0.037037037037037035,0.037037037037037035
WCA,ACDC,N/A,27,87.10166919575114,0.037037037037037035,0.25
Limbo,ACDC,N/A,27,79.05918057663126,0.0,0.0
ARC,WCA,0.2,27,84.89736070381232,0.037037037037037035,0.037037037037037035
ARC,Limbo,0.2,27,82.55131964809384,0.037037037037037035,0.037037037037037035
ARC,ACDC,0.2,27,81.48710166919575,0.0,0.0
ARC,WCA,0.4,27,82.55131964809384,0.0,0.0
ARC,Limbo,0.4,27,82.99120234604106,0.037037037037037035,0.037037037037037035
ARC,ACDC,0.4,27,80.2731411229135,0.037037037037037035,0.25
ARC,WCA,0.6,27,82.11143695014663,0.0,0.0
ARC,Limbo,0.6,27,84.1642228739003,0.037037037037037035,0.037037037037037035
ARC,ACDC,0.6,27,80.57663125948406,0.037037037037037035,0.25
ARC,WCA,0.8,27,82.11143695014663,0.0,0.0
ARC,Limbo,0.8,27,84.1642228739003,0.037037037037037035,0.037037037037037035
ARC,ACDC,0.8,27,80.57663125948406,0.037037037037037035,0.25
WCA,Limbo,N/A,28,82.01754385964912,0.03571428571428571,0.03571428571428571
WCA,ACDC,N/A,28,86.81818181818181,0.03571428571428571,0.25
Limbo,ACDC,N/A,28,78.93939393939394,0.0,0.0
ARC,WCA,0.2,28,84.21052631578947,0.03571428571428571,0.03571428571428571
ARC,Limbo,0.2,28,82.7485380116959,0.0,0.0
ARC,ACDC,0.2,28,80.3030303030303,0.0,0.0
ARC,WCA,0.4,28,82.7485380116959,0.0,0.0
ARC,Limbo,0.4,28,82.89473684210526,0.0,0.0
ARC,ACDC,0.4,28,80.15151515151516,0.03571428571428571,0.25
ARC,WCA,0.6,28,82.30994152046783,0.0,0.0
ARC,Limbo,0.6,28,84.06432748538012,0.0,0.0
ARC,ACDC,0.6,28,80.45454545454545,0.03571428571428571,0.25
ARC,WCA,0.8,28,82.30994152046783,0.0,0.0
ARC,Limbo,0.8,28,84.06432748538012,0.0,0.0
ARC,ACDC,0.8,28,80.45454545454545,0.03571428571428571,0.25
WCA,Limbo,N/A,29,82.06997084548104,0.034482758620689655,0.034482758620689655
WCA,ACDC,N/A,29,86.535552193646,0.034482758620689655,0.25
Limbo,ACDC,N/A,29,78.81996974281392,0.0,0.0
ARC,WCA,0.2,29,84.40233236151605,0.034482758620689655,0.034482758620689655
ARC,Limbo,0.2,29,82.79883381924198,0.0,0.0
ARC,ACDC,0.2,29,80.18154311649018,0.0,0.0
ARC,WCA,0.4,29,82.79883381924198,0.0,0.0
ARC,Limbo,0.4,29,83.09037900874637,0.0,0.0
ARC,ACDC,0.4,29,80.0302571860817,0.034482758620689655,0.25
ARC,WCA,0.6,29,82.5072886297376,0.0,0.0
ARC,Limbo,0.6,29,83.6734693877551,0.0,0.0
ARC,ACDC,0.6,29,79.87897125567322,0.034482758620689655,0.25
ARC,WCA,0.8,29,82.5072886297376,0.0,0.0
ARC,Limbo,0.8,29,83.6734693877551,0.0,0.0
ARC,ACDC,0.8,29,79.87897125567322,0.034482758620689655,0.25
WCA,Limbo,N/A,30,82.12209302325581,0.03333333333333333,0.03333333333333333
WCA,ACDC,N/A,30,86.25377643504531,0.03333333333333333,0.25
Limbo,ACDC,N/A,30,78.70090634441087,0.0,0.0
ARC,WCA,0.2,30,84.44767441860466,0.03333333333333333,0.03333333333333333
ARC,Limbo,0.2,30,82.55813953488372,0.0,0.0
ARC,ACDC,0.2,30,80.06042296072508,0.0,0.0
ARC,WCA,0.4,30,82.99418604651163,0.0,0.0
ARC,Limbo,0.4,30,82.99418604651163,0.0,0.0
ARC,ACDC,0.4,30,79.9093655589124,0.03333333333333333,0.25
ARC,WCA,0.6,30,82.70348837209302,0.0,0.0
ARC,Limbo,0.6,30,83.13953488372093,0.0,0.0
ARC,ACDC,0.6,30,79.7583081570997,0.03333333333333333,0.25
ARC,WCA,0.8,30,82.70348837209302,0.0,0.0
ARC,Limbo,0.8,30,83.13953488372093,0.0,0.0
ARC,ACDC,0.8,30,79.7583081570997,0.03333333333333333,0.25
WCA,Limbo,N/A,31,82.17391304347827,0.03225806451612903,0.03225806451612903
WCA,ACDC,N/A,31,85.97285067873304,0.03225806451612903,0.25
Limbo,ACDC,N/A,31,78.58220211161388,0.0,0.0
ARC,WCA,0.2,31,84.4927536231884,0.03225806451612903,0.03225806451612903
ARC,Limbo,0.2,31,82.6086956521739,0.0,0.0
ARC,ACDC,0.2,31,79.93966817496229,0.0,0.0
ARC,WCA,0.4,31,83.18840579710145,0.0,0.0
ARC,Limbo,0.4,31,83.04347826086956,0.0,0.0
ARC,ACDC,0.4,31,79.78883861236802,0.03225806451612903,0.25
ARC,WCA,0.6,31,82.89855072463767,0.0,0.0
ARC,Limbo,0.6,31,83.18840579710145,0.0,0.0
ARC,ACDC,0.6,31,79.63800904977376,0.03225806451612903,0.25
ARC,WCA,0.8,31,82.89855072463767,0.0,0.0
ARC,Limbo,0.8,31,83.18840579710145,0.0,0.0
ARC,ACDC,0.8,31,79.63800904977376,0.03225806451612903,0.25
WCA,Limbo,N/A,32,82.22543352601156,0.03125,0.03125
WCA,ACDC,N/A,32,85.69277108433735,0.03125,0.25
Limbo,ACDC,N/A,32,78.46385542168674,0.0,0.0
ARC,WCA,0.2,32,84.6820809248555,0.03125,0.03125
ARC,Limbo,0.2,32,82.65895953757226,0.0,0.0
ARC,ACDC,0.2,32,79.81927710843372,0.0,0.0
ARC,WCA,0.4,32,83.38150289017341,0.0,0.0
ARC,Limbo,0.4,32,83.09248554913295,0.0,0.0
ARC,ACDC,0.4,32,79.51807228915662,0.03125,0.25
ARC,WCA,0.6,32,83.09248554913295,0.0,0.0
ARC,Limbo,0.6,32,83.23699421965318,0.0,0.0
ARC,ACDC,0.6,32,79.51807228915662,0.03125,0.25
ARC,WCA,0.8,32,83.09248554913295,0.0,0.0
ARC,Limbo,0.8,32,83.23699421965318,0.0,0.0
ARC,ACDC,0.8,32,79.51807228915662,0.03125,0.25
WCA,Limbo,N/A,33,82.27665706051873,0.030303030303030304,0.030303030303030304
WCA,ACDC,N/A,33,85.41353383458646,0.030303030303030304,0.25
Limbo,ACDC,N/A,33,78.34586466165415,0.0,0.0
ARC,WCA,0.2,33,84.87031700288185,0.06060606060606061,0.06060606060606061
ARC,Limbo,0.2,33,82.70893371757924,0.0,0.0
ARC,ACDC,0.2,33,79.69924812030075,0.0,0.0
ARC,WCA,0.4,33,83.42939481268012,0.0,0.0
ARC,Limbo,0.4,33,83.28530259365994,0.0,0.0
ARC,ACDC,0.4,33,79.09774436090225,0.030303030303030304,0.25
ARC,WCA,0.6,33,83.28530259365994,0.0,0.0
ARC,Limbo,0.6,33,83.28530259365994,0.0,0.0
ARC,ACDC,0.6,33,79.3984962406015,0.030303030303030304,0.25
ARC,WCA,0.8,33,83.28530259365994,0.0,0.0
ARC,Limbo,0.8,33,83.28530259365994,0.0,0.0
ARC,ACDC,0.8,33,79.3984962406015,0.030303030303030304,0.25
WCA,Limbo,N/A,34,82.32758620689656,0.029411764705882353,0.029411764705882353
WCA,ACDC,N/A,34,85.28528528528528,0.029411764705882353,0.25
Limbo,ACDC,N/A,34,77.92792792792793,0.0,0.0
ARC,WCA,0.2,34,82.90229885057472,0.058823529411764705,0.058823529411764705
ARC,Limbo,0.2,34,82.61494252873564,0.0,0.0
ARC,ACDC,0.2,34,77.47747747747748,0.0,0.0
ARC,WCA,0.4,34,83.62068965517241,0.0,0.0
ARC,Limbo,0.4,34,83.1896551724138,0.0,0.0
ARC,ACDC,0.4,34,78.97897897897897,0.029411764705882353,0.25
ARC,WCA,0.6,34,83.47701149425288,0.0,0.0
ARC,Limbo,0.6,34,83.33333333333334,0.0,0.0
ARC,ACDC,0.6,34,79.27927927927928,0.029411764705882353,0.25
ARC,WCA,0.8,34,83.47701149425288,0.0,0.0
ARC,Limbo,0.8,34,83.33333333333334,0.0,0.0
ARC,ACDC,0.8,34,79.27927927927928,0.029411764705882353,0.25
WCA,Limbo,N/A,35,82.378223495702,0.02857142857142857,0.02857142857142857
WCA,ACDC,N/A,35,85.15742128935533,0.02857142857142857,0.25
Limbo,ACDC,N/A,35,77.81109445277362,0.0,0.0
ARC,WCA,0.2,35,83.2378223495702,0.05714285714285714,0.05714285714285714
ARC,Limbo,0.2,35,82.378223495702,0.0,0.0
ARC,ACDC,0.2,35,77.36131934032984,0.0,0.0
ARC,WCA,0.4,35,83.95415472779369,0.0,0.0
ARC,Limbo,0.4,35,83.3810888252149,0.0,0.0
ARC,ACDC,0.4,35,78.86056971514243,0.02857142857142857,0.25
ARC,WCA,0.6,35,83.5243553008596,0.0,0.0
ARC,Limbo,0.6,35,83.3810888252149,0.0,0.0
ARC,ACDC,0.6,35,79.0104947526237,0.02857142857142857,0.25
ARC,WCA,0.8,35,83.5243553008596,0.0,0.0
ARC,Limbo,0.8,35,83.3810888252149,0.0,0.0
ARC,ACDC,0.8,35,79.0104947526237,0.02857142857142857,0.25
WCA,Limbo,N/A,36,82.57142857142857,0.05555555555555555,0.05555555555555555
WCA,ACDC,N/A,36,85.02994011976048,0.027777777777777776,0.25
Limbo,ACDC,N/A,36,77.6946107784431,0.0,0.0
ARC,WCA,0.2,36,83.42857142857143,0.05555555555555555,0.05555555555555555
ARC,Limbo,0.2,36,82.28571428571428,0.0,0.0
ARC,ACDC,0.2,36,77.24550898203593,0.0,0.0
ARC,WCA,0.4,36,84.0,0.0,0.0
ARC,Limbo,0.4,36,83.57142857142857,0.0,0.0
ARC,ACDC,0.4,36,77.6946107784431,0.027777777777777776,0.25
ARC,WCA,0.6,36,83.71428571428572,0.0,0.0
ARC,Limbo,0.6,36,83.42857142857143,0.0,0.0
ARC,ACDC,0.6,36,78.59281437125749,0.027777777777777776,0.25
ARC,WCA,0.8,36,83.71428571428572,0.0,0.0
ARC,Limbo,0.8,36,83.42857142857143,0.0,0.0
ARC,ACDC,0.8,36,78.59281437125749,0.027777777777777776,0.25
WCA,Limbo,N/A,37,82.62108262108262,0.05405405405405406,0.05405405405405406
WCA,ACDC,N/A,37,84.90284005979073,0.02702702702702703,0.25
Limbo,ACDC,N/A,37,77.57847533632287,0.0,0.0
ARC,WCA,0.2,37,83.76068376068376,0.05405405405405406,0.05405405405405406
ARC,Limbo,0.2,37,82.33618233618233,0.0,0.0
ARC,ACDC,0.2,37,77.13004484304933,0.0,0.0
ARC,WCA,0.4,37,84.1880341880342,0.0,0.0
ARC,Limbo,0.4,37,83.47578347578349,0.0,0.0
ARC,ACDC,0.4,37,77.57847533632287,0.02702702702702703,0.25
ARC,WCA,0.6,37,83.9031339031339,0.0,0.0
ARC,Limbo,0.6,37,83.61823361823362,0.0,0.0
ARC,ACDC,0.6,37,78.47533632286996,0.02702702702702703,0.25
ARC,WCA,0.8,37,83.9031339031339,0.0,0.0
ARC,Limbo,0.8,37,83.61823361823362,0.0,0.0
ARC,ACDC,0.8,37,78.47533632286996,0.02702702702702703,0.25
WCA,Limbo,N/A,38,82.67045454545455,0.05263157894736842,0.05263157894736842
WCA,ACDC,N/A,38,84.77611940298507,0.02631578947368421,0.25
Limbo,ACDC,N/A,38,77.46268656716417,0.0,0.0
ARC,WCA,0.2,38,83.80681818181819,0.05263157894736842,0.05263157894736842
ARC,Limbo,0.2,38,82.10227272727273,0.0,0.0
ARC,ACDC,0.2,38,77.01492537313432,0.0,0.0
ARC,WCA,0.4,38,84.23295454545455,0.0,0.0
ARC,Limbo,0.4,38,83.52272727272727,0.0,0.0
ARC,ACDC,0.4,38,77.46268656716417,0.02631578947368421,0.25
ARC,WCA,0.6,38,84.0909090909091,0.0,0.0
ARC,Limbo,0.6,38,83.80681818181819,0.0,0.0
ARC,ACDC,0.6,38,77.31343283582089,0.02631578947368421,0.25
ARC,WCA,0.8,38,84.0909090909091,0.0,0.0
ARC,Limbo,0.8,38,83.80681818181819,0.0,0.0
ARC,ACDC,0.8,38,77.31343283582089,0.02631578947368421,0.25
WCA,Limbo,N/A,39,82.71954674220963,0.05128205128205128,0.05128205128205128
WCA,ACDC,N/A,39,84.50074515648286,0.02564102564102564,0.25
Limbo,ACDC,N/A,39,77.34724292101342,0.0,0.0
ARC,WCA,0.2,39,83.9943342776204,0.05128205128205128,0.05128205128205128
ARC,Limbo,0.2,39,82.43626062322946,0.0,0.0
ARC,ACDC,0.2,39,76.30402384500745,0.0,0.0
ARC,WCA,0.4,39,84.41926345609065,0.0,0.0
ARC,Limbo,0.4,39,83.56940509915015,0.0,0.0
ARC,ACDC,0.4,39,77.34724292101342,0.02564102564102564,0.25
ARC,WCA,0.6,39,84.13597733711048,0.0,0.0
ARC,Limbo,0.6,39,83.85269121813032,0.0,0.0
ARC,ACDC,0.6,39,77.19821162444114,0.02564102564102564,0.25
ARC,WCA,0.8,39,84.13597733711048,0.0,0.0
ARC,Limbo,0.8,39,83.85269121813032,0.0,0.0
ARC,ACDC,0.8,39,77.19821162444114,0.02564102564102564,0.25
WCA,Limbo,N/A,40,82.7683615819209,0.05,0.05
WCA,ACDC,N/A,40,84.22619047619048,0.025,0.25
Limbo,ACDC,N/A,40,77.23214285714286,0.0,0.0
ARC,WCA,0.2,40,84.03954802259888,0.05,0.05
ARC,Limbo,0.2,40,82.62711864406779,0.0,0.0
ARC,ACDC,0.2,40,76.19047619047619,0.0,0.0
ARC,WCA,0.4,40,84.6045197740113,0.0,0.0
ARC,Limbo,0.4,40,83.61581920903956,0.0,0.0
ARC,ACDC,0.4,40,77.23214285714286,0.025,0.25
ARC,WCA,0.6,40,84.32203389830508,0.0,0.0
ARC,Limbo,0.6,40,83.75706214689266,0.0,0.0
ARC,ACDC,0.6,40,77.08333333333334,0.025,0.25
ARC,WCA,0.8,40,84.32203389830508,0.0,0.0
ARC,Limbo,0.8,40,83.75706214689266,0.0,0.0
ARC,ACDC,0.8,40,77.08333333333334,0.025,0.25
WCA,Limbo,N/A,41,82.8169014084507,0.04878048780487805,0.04878048780487805
WCA,ACDC,N/A,41,84.10104011887073,0.024390243902439025,0.25
Limbo,ACDC,N/A,41,77.11738484398218,0.0,0.0
ARC,WCA,0.2,41,84.08450704225352,0.04878048780487805,0.04878048780487805
ARC,Limbo,0.2,41,82.67605633802818,0.0,0.0
ARC,ACDC,0.2,41,76.07726597325409,0.0,0.0
ARC,WCA,0.4,41,84.64788732394366,0.0,0.0
ARC,Limbo,0.4,41,83.66197183098592,0.0,0.0
ARC,ACDC,0.4,41,77.11738484398218,0.024390243902439025,0.25
ARC,WCA,0.6,41,84.50704225352112,0.0,0.0
ARC,Limbo,0.6,41,83.80281690140845,0.0,0.0
ARC,ACDC,0.6,41,76.96879643387817,0.024390243902439025,0.25
ARC,WCA,0.8,41,84.50704225352112,0.0,0.0
ARC,Limbo,0.8,41,83.80281690140845,0.0,0.0
ARC,ACDC,0.8,41,76.96879643387817,0.024390243902439025,0.25
WCA,Limbo,N/A,42,83.70786516853931,0.047619047619047616,0.047619047619047616
WCA,ACDC,N/A,42,80.41543026706232,0.0,0.0
Limbo,ACDC,N/A,42,77.00296735905044,0.0,0.0
ARC,WCA,0.2,42,84.8314606741573,0.07142857142857142,0.07142857142857142
ARC,Limbo,0.2,42,82.7247191011236,0.023809523809523808,0.023809523809523808
ARC,ACDC,0.2,42,75.96439169139467,0.0,0.0
ARC,WCA,0.4,42,84.8314606741573,0.0,0.0
ARC,Limbo,0.4,42,83.98876404494382,0.0,0.0
ARC,ACDC,0.4,42,76.55786350148368,0.023809523809523808,0.25
ARC,WCA,0.6,42,83.98876404494382,0.0,0.0
ARC,Limbo,0.6,42,84.26966292134833,0.0,0.0
ARC,ACDC,0.6,42,75.5192878338279,0.023809523809523808,0.25
ARC,WCA,0.8,42,83.98876404494382,0.0,0.0
ARC,Limbo,0.8,42,84.26966292134833,0.0,0.0
ARC,ACDC,0.8,42,75.5192878338279,0.023809523809523808,0.25
WCA,Limbo,N/A,43,84.17366946778712,0.046511627906976744,0.046511627906976744
WCA,ACDC,N/A,43,80.2962962962963,0.0,0.0
Limbo,ACDC,N/A,43,76.8888888888889,0.0,0.0
ARC,WCA,0.2,43,84.73389355742297,0.09302325581395349,0.09302325581395349
ARC,Limbo,0.2,43,82.77310924369748,0.023255813953488372,0.023255813953488372
ARC,ACDC,0.2,43,75.85185185185185,0.0,0.0
ARC,WCA,0.4,43,84.17366946778712,0.023255813953488372,0.023255813953488372
ARC,Limbo,0.4,43,84.03361344537815,0.0,0.0
ARC,ACDC,0.4,43,76.44444444444444,0.023255813953488372,0.25
ARC,WCA,0.6,43,84.03361344537815,0.0,0.0
ARC,Limbo,0.6,43,84.31372549019608,0.0,0.0
ARC,ACDC,0.6,43,75.40740740740742,0.023255813953488372,0.25
ARC,WCA,0.8,43,84.03361344537815,0.0,0.0
ARC,Limbo,0.8,43,84.31372549019608,0.0,0.0
ARC,ACDC,0.8,43,75.40740740740742,0.023255813953488372,0.25
WCA,Limbo,N/A,44,84.63687150837988,0.06818181818181818,0.06818181818181818
WCA,ACDC,N/A,44,77.9585798816568,0.0,0.0
Limbo,ACDC,N/A,44,76.77514792899409,0.0,0.0
ARC,WCA,0.2,44,85.47486033519553,0.11363636363636363,0.11363636363636363
ARC,Limbo,0.2,44,82.9608938547486,0.022727272727272728,0.022727272727272728
ARC,ACDC,0.2,44,75.7396449704142,0.0,0.0
ARC,WCA,0.4,44,85.05586592178771,0.022727272727272728,0.022727272727272728
ARC,Limbo,0.4,44,84.4972067039106,0.0,0.0
ARC,ACDC,0.4,44,75.44378698224851,0.022727272727272728,0.25
ARC,WCA,0.6,44,84.77653631284916,0.0,0.0
ARC,Limbo,0.6,44,84.4972067039106,0.0,0.0
ARC,ACDC,0.6,44,75.29585798816568,0.022727272727272728,0.25
ARC,WCA,0.8,44,84.77653631284916,0.0,0.0
ARC,Limbo,0.8,44,84.4972067039106,0.0,0.0
ARC,ACDC,0.8,44,75.29585798816568,0.022727272727272728,0.25
WCA,Limbo,N/A,45,84.958217270195,0.06666666666666667,0.06666666666666667
WCA,ACDC,N/A,45,77.84342688330872,0.0,0.0
Limbo,ACDC,N/A,45,76.66174298375185,0.0,0.0
ARC,WCA,0.2,45,85.93314763231199,0.1111111111111111,0.1111111111111111
ARC,Limbo,0.2,45,83.008356545961,0.022222222222222223,0.022222222222222223
ARC,ACDC,0.2,45,75.62776957163959,0.0,0.0
ARC,WCA,0.4,45,85.51532033426183,0.022222222222222223,0.022222222222222223
ARC,Limbo,0.4,45,84.54038997214485,0.0,0.0
ARC,ACDC,0.4,45,75.33234859675038,0.022222222222222223,0.25
ARC,WCA,0.6,45,85.23676880222841,0.0,0.0
ARC,Limbo,0.6,45,84.81894150417827,0.0,0.0
ARC,ACDC,0.6,45,74.74150664697193,0.022222222222222223,0.25
ARC,WCA,0.8,45,85.23676880222841,0.0,0.0
ARC,Limbo,0.8,45,84.81894150417827,0.0,0.0
ARC,ACDC,0.8,45,74.74150664697193,0.022222222222222223,0.25
WCA,Limbo,N/A,46,85.69444444444446,0.06521739130434782,0.06521739130434782
WCA,ACDC,N/A,46,77.5811209439528,0.0,0.0
Limbo,ACDC,N/A,46,76.54867256637168,0.0,0.0
ARC,WCA,0.2,46,86.94444444444444,0.13043478260869565,0.13043478260869565
ARC,Limbo,0.2,46,83.05555555555554,0.021739130434782608,0.021739130434782608
ARC,ACDC,0.2,46,75.51622418879056,0.0,0.0
ARC,WCA,0.4,46,85.69444444444446,0.021739130434782608,0.021739130434782608
ARC,Limbo,0.4,46,84.58333333333333,0.0,0.0
ARC,ACDC,0.4,46,75.2212389380531,0.021739130434782608,0.25
ARC,WCA,0.6,46,85.69444444444446,0.021739130434782608,0.021739130434782608
ARC,Limbo,0.6,46,84.86111111111111,0.0,0.0
ARC,ACDC,0.6,46,74.63126843657817,0.021739130434782608,0.25
ARC,WCA,0.8,46,85.69444444444446,0.021739130434782608,0.021739130434782608
ARC,Limbo,0.8,46,84.86111111111111,0.0,0.0
ARC,ACDC,0.8,46,74.63126843657817,0.021739130434782608,0.25
WCA,Limbo,N/A,47,84.07202216066482,0.0425531914893617,0.0425531914893617
WCA,ACDC,N/A,47,75.84683357879234,0.0,0.0
Limbo,ACDC,N/A,47,76.4359351988218,0.0,0.0
ARC,WCA,0.2,47,87.1191135734072,0.1276595744680851,0.1276595744680851
ARC,Limbo,0.2,47,83.24099722991689,0.02127659574468085,0.02127659574468085
ARC,ACDC,0.2,47,75.11045655375553,0.0,0.0
ARC,WCA,0.4,47,86.14958448753463,0.02127659574468085,0.02127659574468085
ARC,Limbo,0.4,47,84.62603878116343,0.02127659574468085,0.02127659574468085
ARC,ACDC,0.4,47,75.11045655375553,0.02127659574468085,0.25
ARC,WCA,0.6,47,86.14958448753463,0.02127659574468085,0.02127659574468085
ARC,Limbo,0.6,47,84.90304709141274,0.0,0.0
ARC,ACDC,0.6,47,74.52135493372607,0.02127659574468085,0.25
ARC,WCA,0.8,47,86.14958448753463,0.02127659574468085,0.02127659574468085
ARC,Limbo,0.8,47,84.90304709141274,0.0,0.0
ARC,ACDC,0.8,47,74.52135493372607,0.02127659574468085,0.25
WCA,Limbo,N/A,48,84.5303867403315,0.041666666666666664,0.041666666666666664
WCA,ACDC,N/A,48,75.1470588235294,0.0,0.0
Limbo,ACDC,N/A,48,76.3235294117647,0.0,0.0
ARC,WCA,0.2,48,86.87845303867402,0.125,0.125
ARC,Limbo,0.2,48,83.42541436464089,0.041666666666666664,0.041666666666666664
ARC,ACDC,0.2,48,75.0,0.0,0.0
ARC,WCA,0.4,48,86.1878453038674,0.020833333333333332,0.020833333333333332
ARC,Limbo,0.4,48,84.80662983425414,0.041666666666666664,0.041666666666666664
ARC,ACDC,0.4,48,75.0,0.020833333333333332,0.25
ARC,WCA,0.6,48,86.46408839779005,0.020833333333333332,0.020833333333333332
ARC,Limbo,0.6,48,84.80662983425414,0.0,0.0
ARC,ACDC,0.6,48,74.41176470588235,0.020833333333333332,0.25
ARC,WCA,0.8,48,86.46408839779005,0.020833333333333332,0.020833333333333332
ARC,Limbo,0.8,48,84.80662983425414,0.0,0.0
ARC,ACDC,0.8,48,74.41176470588235,0.020833333333333332,0.25
WCA,Limbo,N/A,49,83.60881542699725,0.04081632653061224,0.04081632653061224
WCA,ACDC,N/A,49,74.8898678414097,0.0,0.0
Limbo,ACDC,N/A,49,76.2114537444934,0.0,0.0
ARC,WCA,0.2,49,87.05234159779614,0.12244897959183673,0.12244897959183673
ARC,Limbo,0.2,49,83.7465564738292,0.061224489795918366,0.061224489795918366
ARC,ACDC,0.2,49,74.8898678414097,0.0,0.0
ARC,WCA,0.4,49,86.36363636363636,0.02040816326530612,0.02040816326530612
ARC,Limbo,0.4,49,84.9862258953168,0.04081632653061224,0.04081632653061224
ARC,ACDC,0.4,49,74.8898678414097,0.02040816326530612,0.25
ARC,WCA,0.6,49,86.63911845730028,0.02040816326530612,0.02040816326530612
ARC,Limbo,0.6,49,84.84848484848484,0.02040816326530612,0.02040816326530612
ARC,ACDC,0.6,49,74.30249632892804,0.02040816326530612,0.25
ARC,WCA,0.8,49,86.63911845730028,0.02040816326530612,0.02040816326530612
ARC,Limbo,0.8,49,84.84848484848484,0.02040816326530612,0.02040816326530612
ARC,ACDC,0.8,49,74.30249632892804,0.02040816326530612,0.25
WCA,Limbo,N/A,50,83.79120879120879,0.04,0.04
WCA,ACDC,N/A,50,74.48680351906158,0.0,0.0
Limbo,ACDC,N/A,50,76.09970674486803,0.0,0.0
ARC,WCA,0.2,50,86.81318681318682,0.14,0.14
ARC,Limbo,0.2,50,83.79120879120879,0.06,0.06
ARC,ACDC,0.2,50,74.7800586510264,0.0,0.0
ARC,WCA,0.4,50,86.53846153846155,0.02,0.02
ARC,Limbo,0.4,50,85.02747252747253,0.04,0.04
ARC,ACDC,0.4,50,74.7800586510264,0.02,0.25
ARC,WCA,0.6,50,86.53846153846155,0.02,0.02
ARC,Limbo,0.6,50,84.89010989010988,0.02,0.02
ARC,ACDC,0.6,50,74.19354838709677,0.02,0.25
ARC,WCA,0.8,50,86.53846153846155,0.02,0.02
ARC,Limbo,0.8,50,84.89010989010988,0.02,0.02
ARC,ACDC,0.8,50,74.19354838709677,0.02,0.25
